,function,n,d,time,job
0,pairwise_distances,60000,1000,353.9813309852034,1
1,pairwise_distances,60000,1000,626.9565999433398,2
2,pairwise_distances,60000,1000,402.71283796802163,8
3,pairwise_distances,80000,1000,523.6058178655803,1
4,pairwise_distances,80000,1000,902.1184519212693,2
5,pairwise_distances,80000,1000,765.2151911370456,8
