,function,n,d,time,job
0,pdist,20000,1000,114.50494648329914,scipy
1,pairwise_distances,20000,1000,3.73532104678452,1
2,pairwise_distances,20000,1000,39.16672842018306,2
3,pairwise_distances,20000,1000,6.695565767586231,8
4,pdist,30000,1000,253.46185069158673,scipy
5,pairwise_distances,30000,1000,40.446587232872844,1
6,pairwise_distances,30000,1000,112.0604762583971,2
7,pairwise_distances,30000,1000,64.40850015170872,8
