,Function,N_instances,N_features,Time,Device
0,hard_correlation_match,1000,1000,0.5271142367273569,CPU
1,soft_correlation_match,1000,1000,0.12126080878078938,CPU
2,distance_correlation,1000,1000,0.1197973731905222,CPU
3,hard_correlation_match,10500,1000,2.2441798076033592,CPU
4,soft_correlation_match,10500,1000,1.784039281308651,CPU
5,distance_correlation,10500,1000,41.34134063497186,CPU
6,hard_correlation_match,20000,1000,6.642682665959001,CPU
7,soft_correlation_match,20000,1000,402.35407617501915,CPU
8,distance_correlation,20000,1000,1547.4974080845714,CPU
